INSERT INTO categories
(category_name, description)
VALUES
('Electronics', 'Electronic gadgets and accessories'),
('Computers', 'Laptops, desktops and accessories'),
('Mobile Phones', 'Smartphones and accessories'),
('Home Appliances', 'Household appliances'),
('Furniture', 'Home and office furniture'),
('Books', 'Educational and entertainment books'),
('Fashion', 'Clothing and accessories'),
('Sports', 'Sports equipment'),
('Beauty', 'Beauty and personal care'),
('Toys', 'Kids toys and games');


INSERT INTO suppliers
(
supplier_name,
email,
phone,
city,
country
)
VALUES
('Dell Technologies','sales@dell.com','9876543001','Bangalore','India'),
('HP India','sales@hp.com','9876543002','Pune','India'),
('Samsung Electronics','sales@samsung.com','9876543003','Noida','India'),
('Apple India','sales@apple.com','9876543004','Mumbai','India'),
('Lenovo India','sales@lenovo.com','9876543005','Chennai','India'),
('Boat Lifestyle','sales@boat.com','9876543006','Delhi','India'),
('IKEA','sales@ikea.com','9876543007','Hyderabad','India'),
('Nike India','sales@nike.com','9876543008','Bangalore','India');


INSERT INTO suppliers
(
    supplier_name,
    email,
    phone,
    city,
    country
)
VALUES
('Sony India','sales@sony.com','9876543009','Mumbai','India'),
('LG Electronics','sales@lg.com','9876543010','Noida','India'),
('Asus India','sales@asus.com','9876543011','Chennai','India'),
('Acer India','sales@acer.com','9876543012','Bangalore','India'),
('Microsoft India','sales@microsoft.com','9876543013','Hyderabad','India'),
('Intel India','sales@intel.com','9876543014','Bangalore','India'),
('AMD India','sales@amd.com','9876543015','Hyderabad','India'),
('Cisco Systems','sales@cisco.com','9876543016','Bangalore','India'),
('Oracle India','sales@oracle.com','9876543017','Pune','India'),
('IBM India','sales@ibm.com','9876543018','Kolkata','India'),
('Xiaomi India','sales@mi.com','9876543019','Bangalore','India'),
('OnePlus India','sales@oneplus.com','9876543020','Hyderabad','India'),
('Realme India','sales@realme.com','9876543021','Delhi','India'),
('Oppo India','sales@oppo.com','9876543022','Noida','India'),
('Vivo India','sales@vivo.com','9876543023','Greater Noida','India'),
('Nothing India','sales@nothing.tech','9876543024','Bangalore','India'),
('Canon India','sales@canon.com','9876543025','Delhi','India'),
('Nikon India','sales@nikon.com','9876543026','Mumbai','India'),
('Epson India','sales@epson.com','9876543027','Chennai','India'),
('Brother India','sales@brother.com','9876543028','Pune','India'),
('Panasonic India','sales@panasonic.com','9876543029','Delhi','India'),
('Philips India','sales@philips.com','9876543030','Mumbai','India'),
('Bosch India','sales@bosch.com','9876543031','Bangalore','India'),
('Siemens India','sales@siemens.com','9876543032','Pune','India'),
('Whirlpool India','sales@whirlpool.com','9876543033','Faridabad','India'),
('Godrej Appliances','sales@godrej.com','9876543034','Mumbai','India'),
('Voltas','sales@voltas.com','9876543035','Mumbai','India'),
('Blue Star','sales@bluestar.com','9876543036','Mumbai','India'),
('Havells','sales@havells.com','9876543037','Noida','India'),
('Crompton','sales@crompton.com','9876543038','Mumbai','India'),
('Bajaj Electricals','sales@bajajelectricals.com','9876543039','Mumbai','India'),
('Orient Electric','sales@orient.com','9876543040','Delhi','India'),
('Tata Steel','sales@tatasteel.com','9876543041','Jamshedpur','India'),
('JSW Steel','sales@jsw.in','9876543042','Mumbai','India'),
('UltraTech Cement','sales@ultratech.com','9876543043','Mumbai','India'),
('ACC Cement','sales@acclimited.com','9876543044','Mumbai','India'),
('Ambuja Cements','sales@ambujacement.com','9876543045','Ahmedabad','India'),
('Asian Paints','sales@asianpaints.com','9876543046','Mumbai','India'),
('Berger Paints','sales@bergerindia.com','9876543047','Kolkata','India'),
('Pidilite Industries','sales@pidilite.com','9876543048','Mumbai','India'),
('JK Cement','sales@jkcement.com','9876543049','Kanpur','India'),
('Shree Cement','sales@shreecement.com','9876543050','Jaipur','India'),
('Reliance Retail','sales@reliance.com','9876543051','Mumbai','India'),
('DMart','sales@dmartindia.com','9876543052','Mumbai','India'),
('Big Bazaar','sales@bigbazaar.com','9876543053','Mumbai','India'),
('Metro Cash & Carry','sales@metro.co.in','9876543054','Bangalore','India'),
('Adidas India','sales@adidas.com','9876543055','Gurgaon','India'),
('Puma India','sales@puma.com','9876543056','Bangalore','India'),
('Reebok India','sales@reebok.com','9876543057','Delhi','India'),
('Woodland','sales@woodlandworldwide.com','9876543058','Delhi','India'),
('Bata India','sales@bata.com','9876543059','Kolkata','India'),
('Titan Company','sales@titan.co.in','9876543060','Bangalore','India'),
('Tanishq','sales@tanishq.co.in','9876543061','Bangalore','India'),
('Raymond','sales@raymond.in','9876543062','Mumbai','India'),
('Arvind Limited','sales@arvind.com','9876543063','Ahmedabad','India'),
('FabIndia','sales@fabindia.com','9876543064','Delhi','India'),
('ITC Limited','sales@itc.in','9876543065','Kolkata','India'),
('Nestle India','sales@nestle.in','9876543066','Gurgaon','India'),
('Britannia','sales@britannia.co.in','9876543067','Bangalore','India'),
('Amul','sales@amul.coop','9876543068','Anand','India'),
('Parle Products','sales@parle.biz','9876543069','Mumbai','India'),
('Dabur India','sales@dabur.com','9876543070','Ghaziabad','India'),
('Patanjali','sales@patanjaliayurved.org','9876543071','Haridwar','India'),
('Marico','sales@marico.com','9876543072','Mumbai','India'),
('Godrej Consumer','sales@godrejcp.com','9876543073','Mumbai','India'),
('Colgate India','sales@colgate.com','9876543074','Mumbai','India'),
('Hindustan Unilever','sales@hul.co.in','9876543075','Mumbai','India'),
('Procter & Gamble India','sales@pg.com','9876543076','Mumbai','India'),
('PepsiCo India','sales@pepsico.com','9876543077','Gurgaon','India'),
('Coca-Cola India','sales@coca-cola.com','9876543078','Gurgaon','India'),
('Bisleri','sales@bisleri.com','9876543079','Mumbai','India'),
('Mahindra & Mahindra','sales@mahindra.com','9876543080','Mumbai','India'),
('Tata Motors','sales@tatamotors.com','9876543081','Pune','India'),
('Maruti Suzuki','sales@maruti.co.in','9876543082','Gurgaon','India'),
('Hero MotoCorp','sales@heromotocorp.com','9876543083','Delhi','India'),
('Bajaj Auto','sales@bajajauto.co.in','9876543084','Pune','India'),
('TVS Motor','sales@tvsmotor.com','9876543085','Chennai','India'),
('Honda Cars India','sales@hondacarindia.com','9876543086','Greater Noida','India'),
('Toyota Kirloskar','sales@toyotabharat.com','9876543087','Bangalore','India'),
('Ashok Leyland','sales@ashokleyland.com','9876543088','Chennai','India'),
('Force Motors','sales@forcemotors.com','9876543089','Pune','India'),
('L&T','sales@larsentoubro.com','9876543090','Mumbai','India'),
('Adani Enterprises','sales@adani.com','9876543091','Ahmedabad','India'),
('Vedanta Limited','sales@vedanta.co.in','9876543092','Mumbai','India'),
('Jindal Steel','sales@jindalsteel.com','9876543093','New Delhi','India'),
('ONGC','sales@ongc.co.in','9876543094','Dehradun','India'),
('Indian Oil','sales@iocl.in','9876543095','New Delhi','India'),
('Bharat Petroleum','sales@bharatpetroleum.in','9876543096','Mumbai','India'),
('Hindustan Petroleum','sales@hpcl.in','9876543097','Mumbai','India'),
('Infosys','sales@infosys.com','9876543098','Bangalore','India'),
('Wipro','sales@wipro.com','9876543099','Bangalore','India'),
('Tech Mahindra','sales@techmahindra.com','9876543100','Pune','India');



INSERT INTO products
(
category_id,
supplier_id,
product_name,
description,
price,
gst_percentage
)
VALUES

(2,1,'Dell Inspiron 15','15 inch Laptop',62000,18),
(2,2,'HP Pavilion','Gaming Laptop',71000,18),
(3,3,'Samsung Galaxy S25','Android Smartphone',82000,18),
(3,4,'iPhone 17','Apple Smartphone',105000,18),
(1,6,'Boat Headphones','Wireless Headphones',2500,18),
(1,6,'Boat Smart Watch','Fitness Smart Watch',3500,18),
(5,7,'Office Chair','Ergonomic Chair',6500,18),
(5,7,'Study Table','Wooden Table',8500,18),
(6,5,'SQL Mastery','Database Learning Book',900,5),
(7,8,'Nike Running Shoes','Sports Shoes',4500,12);

INSERT INTO products
(
    category_id,
    supplier_id,
    product_name,
    description,
    price,
    gst_percentage
)
VALUES

(2,9,'Sony VAIO Pro','Business Laptop',69000,18),
(2,10,'LG Gram 16','Lightweight Laptop',88000,18),
(2,11,'Asus VivoBook 15','Student Laptop',54000,18),
(2,12,'Acer Aspire 7','Performance Laptop',63000,18),
(2,13,'Microsoft Surface Laptop','Premium Laptop',112000,18),
(2,14,'Intel NUC Mini PC','Mini Desktop',47000,18),
(2,15,'AMD Ryzen Workstation','Desktop Computer',78000,18),
(2,16,'Cisco Business Router','Network Router',12500,18),
(2,17,'Oracle Database Server','Rack Server',250000,18),
(2,18,'IBM ThinkCentre','Desktop PC',68000,18),

(3,19,'Xiaomi Redmi Note 15','Android Smartphone',24000,18),
(3,20,'OnePlus 14','5G Smartphone',52000,18),
(3,21,'Realme GT 8','Gaming Smartphone',35000,18),
(3,22,'Oppo Reno 14','Camera Smartphone',32000,18),
(3,23,'Vivo X300','Flagship Smartphone',59000,18),
(3,24,'Nothing Phone 4','Android Smartphone',47000,18),
(3,9,'Sony Xperia 1','Premium Smartphone',76000,18),
(3,29,'Panasonic Eluga X','Android Smartphone',18000,18),
(3,30,'Philips Smart Mobile','Entry Smartphone',15000,18),
(3,10,'LG Velvet 2','Android Smartphone',29000,18),

(1,25,'Canon Pixma Printer','Color Inkjet Printer',8500,18),
(1,26,'Nikon DSLR Camera','24MP DSLR Camera',58000,18),
(1,27,'Epson EcoTank','Ink Tank Printer',16500,18),
(1,28,'Brother Laser Printer','Mono Laser Printer',14200,18),
(1,31,'Bosch Drill Machine','Electric Drill',4200,18),
(1,32,'Siemens Power Meter','Digital Meter',5600,18),
(1,33,'Whirlpool Microwave','25L Microwave Oven',9800,18),
(1,34,'Godrej Refrigerator','260L Refrigerator',27500,18),
(1,35,'Voltas Air Conditioner','1.5 Ton AC',36500,18),
(1,36,'Blue Star Water Cooler','Water Cooler',24000,18),

(5,37,'Havells Ceiling Fan','1200mm Fan',3200,18),
(5,38,'Crompton Mixer Grinder','750W Mixer',4200,18),
(5,39,'Bajaj Electric Iron','Steam Iron',1800,18),
(5,40,'Orient Tower Fan','Tower Fan',5400,18),
(5,41,'Steel Storage Rack','Heavy Duty Rack',8200,18),
(5,42,'Industrial Workbench','Workshop Table',14500,18),
(5,43,'UltraTech Cement Bag','50kg Cement',420,28),
(5,44,'ACC Cement Bag','Premium Cement',410,28),
(5,45,'Ambuja Cement Bag','Construction Cement',415,28),
(5,46,'Asian Paints Premium','Interior Paint',2100,18),

(5,47,'Berger Weather Coat','Exterior Paint',2450,18),
(5,48,'Pidilite Fevicol','Wood Adhesive',350,18),
(5,49,'JK Cement Wall Putty','20kg Putty',780,28),
(5,50,'Shree Cement OPC','50kg Cement',430,28),
(5,51,'Retail Billing Machine','POS Terminal',28500,18),
(5,52,'Shopping Basket','Plastic Basket',450,18),
(5,53,'Supermarket Shelf','Display Shelf',9500,18),
(5,54,'Warehouse Pallet','Wooden Pallet',1400,18),
(5,55,'Adidas Sports Bag','Gym Bag',2600,12),
(5,56,'Puma Backpack','Travel Backpack',2300,12),

(7,57,'Reebok Football','Training Football',1200,12),
(7,58,'Woodland Trekking Shoes','Outdoor Shoes',6200,12),
(7,59,'Bata School Shoes','Black Shoes',1800,12),
(7,60,'Titan Analog Watch','Men Watch',7200,18),
(7,61,'Tanishq Silver Coin','Silver Coin',2500,3),
(7,62,'Raymond Suit Length','Formal Fabric',4200,12),
(7,63,'Arvind Cotton Shirt','Formal Shirt',1800,12),
(7,64,'FabIndia Kurta','Cotton Kurta',2200,12),
(7,65,'ITC Gift Pack','Food Combo',650,5),
(7,66,'Nestle Coffee Pack','Instant Coffee',420,5),

(6,67,'Britannia Biscuit Box','Family Pack',180,5),
(6,68,'Amul Butter','500g Butter',320,5),
(6,69,'Parle G Carton','Biscuit Pack',280,5),
(6,70,'Dabur Honey','1kg Honey',460,5),
(6,71,'Patanjali Aloe Vera Juice','Health Drink',220,5),
(6,72,'Marico Coconut Oil','1L Oil',390,5),
(6,73,'Godrej Hair Colour','Hair Dye',180,18),
(6,74,'Colgate Toothpaste','200g Toothpaste',145,18),
(6,75,'Lux Soap Pack','Bath Soap',180,18),
(6,76,'Gillette Razor Kit','Shaving Kit',650,18),

(4,77,'Pepsi Soft Drink','2L Bottle',120,28),
(4,78,'Coca-Cola Soft Drink','2L Bottle',120,28),
(4,79,'Bisleri Water','20L Water Can',90,5),
(4,80,'Mahindra Tractor Model','Agriculture Tractor',780000,12),
(4,81,'Tata Nexon','Compact SUV',1250000,28),
(4,82,'Maruti Swift','Hatchback Car',820000,28),
(4,83,'Hero Splendor Plus','Motorcycle',92000,28),
(4,84,'Bajaj Pulsar 150','Motorcycle',132000,28),
(4,85,'TVS Jupiter','Scooter',98000,28),
(4,86,'Honda City','Sedan Car',1450000,28),

(2,87,'Toyota Innova Hycross','SUV',2650000,28),
(2,88,'Ashok Leyland Truck','Commercial Vehicle',1850000,28),
(2,89,'Force Traveller','Passenger Van',1650000,28),
(2,90,'L&T Concrete Mixer','Construction Machine',1450000,18),
(2,91,'Adani Solar Panel','550W Solar Panel',16500,12),
(2,92,'Vedanta Copper Wire','Electrical Cable',8500,18),
(2,93,'Jindal Steel Rod','TMT Bar Bundle',68000,18),
(2,94,'ONGC Diesel Generator','Generator',245000,18),
(2,95,'Indian Oil Lubricant','Engine Oil',1250,18),
(2,96,'Bharat Petroleum Fuel Pump','Fuel Dispenser',325000,18),

(2,97,'HPCL Industrial Lubricant','Industrial Oil',4500,18),
(2,98,'Infosys ERP Software','Business ERP License',125000,18),
(2,99,'Wipro Desktop Computer','Office Desktop',58500,18),
(2,100,'Tech Mahindra CRM Suite','CRM Software License',98000,18);



INSERT INTO customers
(
    first_name,
    last_name,
    email,
    phone,
    date_of_birth,
    password_hash,
    status
)
VALUES
('Rahul','Sharma','rahul@gmail.com','9876541111','1998-05-12','hash123','Active'),
('Priya','Patel','priya@gmail.com','9876541112','1997-11-21','hash123','Active'),
('Amit','Verma','amit@gmail.com','9876541113','1995-02-18','hash123','Blocked'),
('Sneha','Joshi','sneha@gmail.com','9876541114','1999-08-17','hash123','Active'),
('Rohit','Singh','rohit@gmail.com','9876541115','1996-09-10','hash123','Inactive'),
('Neha','Shah','neha@gmail.com','9876541116','2000-03-28','hash123','Active'),
('Arjun','Patel','arjun@gmail.com','9876541117','1998-12-01','hash123','Active'),
('Pooja','Mehta','pooja@gmail.com','9876541118','1997-04-30','hash123','Active'),
('Karan','Desai','karan@gmail.com','9876541119','1994-06-15','hash123','Active'),
('Anjali','Rao','anjali@gmail.com','9876541120','1998-01-10','hash123','Active'),
('Vikas','Yadav','vikas@gmail.com','9876541121','1993-09-18','hash123','Blocked'),
('Kavita','Gupta','kavita@gmail.com','9876541122','1996-12-24','hash123','Active'),
('Suresh','Kumar','suresh@gmail.com','9876541123','1991-03-11','hash123','Inactive'),
('Divya','Nair','divya@gmail.com','9876541124','1999-07-07','hash123','Active'),
('Nikhil','Agarwal','nikhil@gmail.com','9876541125','1995-05-20','hash123','Active'),
('Ritu','Chopra','ritu@gmail.com','9876541126','1997-10-16','hash123','Active'),
('Manish','Saxena','manish@gmail.com','9876541127','1992-08-14','hash123','Blocked'),
('Asha','Iyer','asha@gmail.com','9876541128','1994-02-05','hash123','Active'),
('Deepak','Malhotra','deepak@gmail.com','9876541129','1993-11-01','hash123','Inactive'),
('Komal','Kapoor','komal@gmail.com','9876541130','1998-06-22','hash123','Active'),
('Rakesh','Pandey','rakesh@gmail.com','9876541131','1990-12-18','hash123','Active'),
('Nisha','Soni','nisha@gmail.com','9876541132','1996-04-09','hash123','Active'),
('Ajay','Mishra','ajay@gmail.com','9876541133','1991-07-13','hash123','Blocked'),
('Meera','Bhat','meera@gmail.com','9876541134','1999-09-29','hash123','Active'),
('Harsh','Trivedi','harsh@gmail.com','9876541135','1997-03-30','hash123','Active'),
('Rina','Kulkarni','rina@gmail.com','9876541136','1995-01-17','hash123','Inactive'),
('Akash','Thakur','akash@gmail.com','9876541137','1998-11-26','hash123','Active'),
('Payal','Purohit','payal@gmail.com','9876541138','1996-06-08','hash123','Active'),
('Varun','Jain','varun@gmail.com','9876541139','1993-05-19','hash123','Blocked'),
('Shreya','Reddy','shreya@gmail.com','9876541140','1998-10-02','hash123','Active'),
('Mohit','Arora','mohit@gmail.com','9876541141','1995-08-27','hash123','Active'),
('Swati','Bansal','swati@gmail.com','9876541142','1994-12-15','hash123','Inactive'),
('Nitin','Dubey','nitin@gmail.com','9876541143','1992-07-25','hash123','Active'),
('Rekha','Pillai','rekha@gmail.com','9876541144','1997-09-11','hash123','Active'),
('Yash','Gandhi','yash@gmail.com','9876541145','1998-02-23','hash123','Blocked'),
('Isha','Mohan','isha@gmail.com','9876541146','1999-01-05','hash123','Active'),
('Abhishek','Naik','abhishek@gmail.com','9876541147','1994-11-28','hash123','Active'),
('Sonal','Chauhan','sonal@gmail.com','9876541148','1996-03-16','hash123','Inactive'),
('Vivek','Bhatt','vivek@gmail.com','9876541149','1991-04-07','hash123','Active'),
('Anita','Goyal','anita@gmail.com','9876541150','1993-08-12','hash123','Active'),
('Tarun','Saini','tarun@gmail.com','9876541151','1995-12-21','hash123','Blocked'),
('Kirti','Rawat','kirti@gmail.com','9876541152','1998-07-18','hash123','Active'),
('Sameer','Joshi','sameer@gmail.com','9876541153','1997-10-03','hash123','Active'),
('Bhavna','Bora','bhavna@gmail.com','9876541154','1996-09-22','hash123','Inactive'),
('Gaurav','Chawla','gaurav@gmail.com','9876541155','1992-05-31','hash123','Active'),
('Rupal','Parikh','rupal@gmail.com','9876541156','1999-04-01','hash123','Active'),
('Hemant','Kulshrestha','hemant@gmail.com','9876541157','1993-06-29','hash123','Blocked'),
('Monika','Arora','monika@gmail.com','9876541158','1998-08-19','hash123','Active'),
('Ashish','Prajapati','ashish@gmail.com','9876541159','1994-01-14','hash123','Active'),
('Nidhi','Tyagi','nidhi@gmail.com','9876541160','1995-03-08','hash123','Inactive'),
('Rohan','Kapadia','rohan@gmail.com','9876541161','1998-11-11','hash123','Active'),
('Simran','Gill','simran@gmail.com','9876541162','1997-02-02','hash123','Active'),
('Prakash','Rana','prakash@gmail.com','9876541163','1991-06-17','hash123','Blocked'),
('Jyoti','Chaudhary','jyoti@gmail.com','9876541164','1996-12-06','hash123','Active'),
('Sanjay','Pawar','sanjay@gmail.com','9876541165','1992-08-09','hash123','Active'),
('Anu','Seth','anu@gmail.com','9876541166','1999-10-20','hash123','Inactive'),
('Lokesh','Solanki','lokesh@gmail.com','9876541167','1993-09-13','hash123','Active'),
('Rashmi','Tiwari','rashmi@gmail.com','9876541168','1995-05-04','hash123','Active'),
('Vinay','Shukla','vinay@gmail.com','9876541169','1991-07-01','hash123','Blocked'),
('Pallavi','Dixit','pallavi@gmail.com','9876541170','1997-11-27','hash123','Active'),
('Sachin','Nanda','sachin@gmail.com','9876541171','1994-02-18','hash123','Active'),
('Preeti','Bhagat','preeti@gmail.com','9876541172','1998-04-26','hash123','Inactive'),
('Kunal','Mahajan','kunal@gmail.com','9876541173','1995-09-05','hash123','Active'),
('Shruti','Jadhav','shruti@gmail.com','9876541174','1999-03-14','hash123','Active'),
('Raj','Chauhan','raj@gmail.com','9876541175','1992-10-30','hash123','Blocked'),
('Priti','Kale','priti@gmail.com','9876541176','1996-01-21','hash123','Active'),
('Mihir','Dave','mihir@gmail.com','9876541177','1997-08-08','hash123','Active'),
('Vaishali','Shinde','vaishali@gmail.com','9876541178','1995-12-11','hash123','Inactive'),
('Hardik','Patel','hardik@gmail.com','9876541179','1998-05-15','hash123','Active'),
('Krupa','Patel','krupa@gmail.com','9876541180','1997-06-16','hash123','Active'),
('Chirag','Shah','chirag@gmail.com','9876541181','1993-03-09','hash123','Blocked'),
('Mansi','Sharma','mansi@gmail.com','9876541182','1999-09-09','hash123','Active'),
('Dhruv','Joshi','dhruv@gmail.com','9876541183','1996-10-18','hash123','Active'),
('Riddhi','Mehta','riddhi@gmail.com','9876541184','1998-01-30','hash123','Inactive'),
('Jay','Patel','jay@gmail.com','9876541185','1995-11-13','hash123','Active'),
('Hetal','Patel','hetal@gmail.com','9876541186','1997-07-24','hash123','Active'),
('Nirav','Desai','nirav@gmail.com','9876541187','1992-06-12','hash123','Blocked'),
('Falguni','Shah','falguni@gmail.com','9876541188','1994-04-05','hash123','Active'),
('Tejas','Modi','tejas@gmail.com','9876541189','1998-02-28','hash123','Active'),
('Bhoomi','Patel','bhoomi@gmail.com','9876541190','1999-08-25','hash123','Inactive'),
('Parth','Trivedi','parth@gmail.com','9876541191','1995-09-19','hash123','Active'),
('Khushi','Shukla','khushi@gmail.com','9876541192','1998-12-03','hash123','Active'),
('Dev','Vyas','dev@gmail.com','9876541193','1993-05-08','hash123','Blocked'),
('Riya','Pandya','riya@gmail.com','9876541194','1997-01-18','hash123','Active'),
('Aniket','Kadam','aniket@gmail.com','9876541195','1994-07-22','hash123','Active'),
('Palak','Joshi','palak@gmail.com','9876541196','1996-11-15','hash123','Inactive'),
('Harshit','Bhatia','harshit@gmail.com','9876541197','1992-03-29','hash123','Active'),
('Muskan','Arora','muskan@gmail.com','9876541198','1998-06-14','hash123','Active'),
('Aditya','Kapoor','aditya@gmail.com','9876541199','1995-10-17','hash123','Blocked'),
('Tanvi','Gupta','tanvi@gmail.com','9876541200','1999-04-12','hash123','Active'),
('Yuvraj','Soni','yuvraj@gmail.com','9876541201','1996-02-26','hash123','Active'),
('Sakshi','Malik','sakshi@gmail.com','9876541202','1998-09-01','hash123','Inactive'),
('Laksh','Ahuja','laksh@gmail.com','9876541203','1997-08-20','hash123','Active'),
('Ishita','Bajaj','ishita@gmail.com','9876541204','1995-01-09','hash123','Active'),
('Mayank','Gupta','mayank@gmail.com','9876541205','1993-12-28','hash123','Blocked'),
('Tanya','Kohli','tanya@gmail.com','9876541206','1999-05-06','hash123','Active'),
('Aarav','Sharma','aarav@gmail.com','9876541207','1998-03-15','hash123','Active'),
('Diya','Patel','diya@gmail.com','9876541208','1997-10-10','hash123','Active'),
('Vihaan','Mehta','vihaan@gmail.com','9876541209','1996-06-30','hash123','Inactive'),
('Myra','Joshi','myra@gmail.com','9876541210','1999-02-11','hash123','Active');

INSERT INTO inventory
(
product_id,
quantity,
location
)
VALUES

(1,25,'Warehouse-A'),
(2,18,'Warehouse-A'),
(3,50,'Warehouse-B'),
(4,15,'Warehouse-B'),
(5,120,'Warehouse-C'),
(6,80,'Warehouse-C'),
(7,12,'Warehouse-D'),
(8,8,'Warehouse-D'),
(9,65,'Warehouse-E'),
(10,5,'Warehouse-E');


INSERT INTO inventory
(
    product_id,
    quantity,
    location
)
VALUES
(11,45,'Warehouse-A'),
(12,32,'Warehouse-B'),
(13,28,'Warehouse-C'),
(14,16,'Warehouse-D'),
(15,55,'Warehouse-E'),
(16,42,'Warehouse-A'),
(17,20,'Warehouse-B'),
(18,10,'Warehouse-C'),
(19,75,'Warehouse-D'),
(20,60,'Warehouse-E'),

(21,90,'Warehouse-A'),
(22,35,'Warehouse-B'),
(23,48,'Warehouse-C'),
(24,14,'Warehouse-D'),
(25,100,'Warehouse-E'),
(26,22,'Warehouse-A'),
(27,19,'Warehouse-B'),
(28,27,'Warehouse-C'),
(29,33,'Warehouse-D'),
(30,11,'Warehouse-E'),

(31,26,'Warehouse-A'),
(32,52,'Warehouse-B'),
(33,17,'Warehouse-C'),
(34,41,'Warehouse-D'),
(35,29,'Warehouse-E'),
(36,38,'Warehouse-A'),
(37,63,'Warehouse-B'),
(38,47,'Warehouse-C'),
(39,24,'Warehouse-D'),
(40,18,'Warehouse-E'),

(41,88,'Warehouse-A'),
(42,54,'Warehouse-B'),
(43,39,'Warehouse-C'),
(44,31,'Warehouse-D'),
(45,67,'Warehouse-E'),
(46,58,'Warehouse-A'),
(47,36,'Warehouse-B'),
(48,44,'Warehouse-C'),
(49,73,'Warehouse-D'),
(50,21,'Warehouse-E'),

(51,64,'Warehouse-A'),
(52,15,'Warehouse-B'),
(53,82,'Warehouse-C'),
(54,25,'Warehouse-D'),
(55,13,'Warehouse-E'),
(56,91,'Warehouse-A'),
(57,40,'Warehouse-B'),
(58,30,'Warehouse-C'),
(59,23,'Warehouse-D'),
(60,57,'Warehouse-E'),

(61,66,'Warehouse-A'),
(62,34,'Warehouse-B'),
(63,49,'Warehouse-C'),
(64,71,'Warehouse-D'),
(65,27,'Warehouse-E'),
(66,18,'Warehouse-A'),
(67,92,'Warehouse-B'),
(68,56,'Warehouse-C'),
(69,43,'Warehouse-D'),
(70,37,'Warehouse-E'),

(71,62,'Warehouse-A'),
(72,20,'Warehouse-B'),
(73,14,'Warehouse-C'),
(74,53,'Warehouse-D'),
(75,84,'Warehouse-E'),
(76,28,'Warehouse-A'),
(77,46,'Warehouse-B'),
(78,35,'Warehouse-C'),
(79,60,'Warehouse-D'),
(80,19,'Warehouse-E'),

(81,76,'Warehouse-A'),
(82,24,'Warehouse-B'),
(83,17,'Warehouse-C'),
(84,95,'Warehouse-D'),
(85,32,'Warehouse-E'),
(86,59,'Warehouse-A'),
(87,41,'Warehouse-B'),
(88,26,'Warehouse-C'),
(89,68,'Warehouse-D'),
(90,12,'Warehouse-E'),

(91,51,'Warehouse-A'),
(92,79,'Warehouse-B'),
(93,22,'Warehouse-C'),
(94,16,'Warehouse-D'),
(95,87,'Warehouse-E'),
(96,33,'Warehouse-A'),
(97,55,'Warehouse-B'),
(98,29,'Warehouse-C'),
(99,48,'Warehouse-D'),
(100,70,'Warehouse-E');



INSERT INTO orders
(
customer_id,
order_date,
total_amount,
order_status
)
VALUES

(1,'2026-01-15',64500,'Delivered'),
(2,'2026-02-11',82000,'Delivered'),
(3,'2026-02-20',2500,'Cancelled'),
(4,'2026-03-08',900,'Delivered'),
(1,'2026-03-22',4500,'Confirmed'),
(6,'2026-04-04',3500,'Pending'),
(7,'2026-05-14',105000,'Delivered'),
(8,'2026-06-17',6500,'Shipped');

INSERT INTO orders
(
    customer_id,
    order_date,
    total_amount,
    order_status
)
VALUES

(9,'2026-01-18',72000,'Delivered'),
(10,'2026-01-21',18500,'Pending'),
(11,'2026-01-25',3200,'Confirmed'),
(12,'2026-02-01',9800,'Delivered'),
(13,'2026-02-05',27500,'Shipped'),
(14,'2026-02-08',16500,'Delivered'),
(15,'2026-02-12',58000,'Delivered'),
(16,'2026-02-15',14200,'Cancelled'),
(17,'2026-02-18',8500,'Pending'),
(18,'2026-02-22',36500,'Confirmed'),

(19,'2026-03-01',4200,'Delivered'),
(20,'2026-03-03',2100,'Shipped'),
(21,'2026-03-06',430,'Delivered'),
(22,'2026-03-10',9500,'Pending'),
(23,'2026-03-12',2600,'Delivered'),
(24,'2026-03-15',6200,'Confirmed'),
(25,'2026-03-18',1800,'Cancelled'),
(26,'2026-03-21',7200,'Delivered'),
(27,'2026-03-24',4200,'Shipped'),
(28,'2026-03-28',2200,'Delivered'),

(29,'2026-04-02',650,'Pending'),
(30,'2026-04-05',420,'Delivered'),
(31,'2026-04-08',320,'Confirmed'),
(32,'2026-04-10',280,'Delivered'),
(33,'2026-04-13',460,'Shipped'),
(34,'2026-04-16',220,'Delivered'),
(35,'2026-04-19',390,'Cancelled'),
(36,'2026-04-22',180,'Delivered'),
(37,'2026-04-25',145,'Pending'),
(38,'2026-04-28',650,'Confirmed'),

(39,'2026-05-02',120,'Delivered'),
(40,'2026-05-05',90,'Delivered'),
(41,'2026-05-08',92000,'Shipped'),
(42,'2026-05-10',132000,'Delivered'),
(43,'2026-05-13',98000,'Pending'),
(44,'2026-05-16',1250000,'Confirmed'),
(45,'2026-05-19',1450000,'Delivered'),
(46,'2026-05-22',2650000,'Shipped'),
(47,'2026-05-25',1850000,'Delivered'),
(48,'2026-05-28',1650000,'Cancelled'),

(49,'2026-06-02',1450000,'Delivered'),
(50,'2026-06-05',16500,'Pending'),
(51,'2026-06-08',8500,'Confirmed'),
(52,'2026-06-10',68000,'Delivered'),
(53,'2026-06-13',245000,'Shipped'),
(54,'2026-06-16',1250,'Delivered'),
(55,'2026-06-19',325000,'Pending'),
(56,'2026-06-22',4500,'Delivered'),
(57,'2026-06-25',125000,'Confirmed'),
(58,'2026-06-28',58500,'Delivered'),

(59,'2026-07-02',98000,'Shipped'),
(60,'2026-07-05',54000,'Delivered'),
(61,'2026-07-08',47000,'Pending'),
(62,'2026-07-10',78000,'Delivered'),
(63,'2026-07-13',12500,'Confirmed'),
(64,'2026-07-16',250000,'Cancelled'),
(65,'2026-07-19',68000,'Delivered'),
(66,'2026-07-22',24000,'Shipped'),
(67,'2026-07-25',52000,'Delivered'),
(68,'2026-07-28',35000,'Pending'),

(69,'2026-08-02',32000,'Delivered'),
(70,'2026-08-05',59000,'Confirmed'),
(71,'2026-08-08',47000,'Delivered'),
(72,'2026-08-10',76000,'Shipped'),
(73,'2026-08-13',18000,'Delivered'),
(74,'2026-08-16',15000,'Pending'),
(75,'2026-08-19',8500,'Delivered'),
(76,'2026-08-22',58000,'Confirmed'),
(77,'2026-08-25',16500,'Cancelled'),
(78,'2026-08-28',14200,'Delivered'),

(79,'2026-09-02',4200,'Shipped'),
(80,'2026-09-05',9800,'Delivered'),
(81,'2026-09-08',27500,'Pending'),
(82,'2026-09-10',36500,'Confirmed'),
(83,'2026-09-13',24000,'Delivered'),
(84,'2026-09-16',3200,'Delivered'),
(85,'2026-09-19',5600,'Shipped'),
(86,'2026-09-22',8500,'Delivered'),
(87,'2026-09-25',420,'Pending'),
(88,'2026-09-28',2100,'Confirmed'),

(89,'2026-10-02',2600,'Delivered'),
(90,'2026-10-05',6200,'Cancelled'),
(91,'2026-10-08',1800,'Delivered'),
(92,'2026-10-10',7200,'Shipped'),
(93,'2026-10-13',4200,'Delivered'),
(94,'2026-10-16',2200,'Pending'),
(95,'2026-10-19',650,'Confirmed'),
(96,'2026-10-22',420,'Delivered'),
(97,'2026-10-25',390,'Shipped'),
(98,'2026-10-28',180,'Delivered'),
(99,'2026-10-30',145,'Pending'),
(100,'2026-11-02',650,'Confirmed');


INSERT INTO order_items
(
order_id,
product_id,
quantity,
unit_price,
subtotal
)
VALUES
(37,31,2,4200,8400),
(38,32,1,5600,5600),
(39,33,1,9800,9800),
(40,34,1,27500,27500),
(41,35,1,36500,36500),
(42,36,1,24000,24000),
(43,37,2,3200,6400),
(44,38,1,4200,4200),
(45,39,1,1800,1800),
(46,40,1,5400,5400),

(47,41,2,68000,136000),
(48,42,1,410,410),
(49,43,5,420,2100),
(50,44,4,410,1640),
(51,45,3,415,1245),
(52,46,2,2100,4200),
(53,47,1,2450,2450),
(54,48,5,350,1750),
(55,49,2,780,1560),
(56,50,3,430,1290),

(57,51,1,28500,28500),
(58,52,6,450,2700),
(59,53,2,9500,19000),
(60,54,3,1400,4200),
(61,55,2,2600,5200),
(62,56,1,2300,2300),
(63,57,2,1200,2400),
(64,58,1,6200,6200),
(65,59,2,1800,3600),
(66,60,1,7200,7200),

(67,61,3,2500,7500),
(68,62,2,4200,8400),
(69,63,3,1800,5400),
(70,64,2,2200,4400),
(71,65,5,650,3250),
(72,66,4,420,1680),
(73,67,6,180,1080),
(74,68,3,320,960),
(75,69,8,280,2240),
(76,70,2,460,920),

(77,71,3,220,660),
(78,72,2,390,780),
(79,73,4,180,720),
(80,74,5,145,725),
(81,75,6,180,1080),
(82,76,2,650,1300),
(83,77,10,120,1200),
(84,78,8,120,960),
(85,79,5,90,450),
(86,80,1,780000,780000),

(87,81,1,1250000,1250000),
(88,82,1,820000,820000),
(89,83,1,92000,92000),
(90,84,1,132000,132000),
(91,85,1,98000,98000),
(92,86,1,1450000,1450000),
(93,87,1,2650000,2650000),
(94,88,1,1850000,1850000),
(95,89,1,1650000,1650000),
(96,90,1,1450000,1450000),

(97,91,4,16500,66000),
(98,92,3,8500,25500),
(99,93,10,68000,680000),
(100,94,1,245000,245000);




INSERT INTO payments
(
order_id,
payment_method,
payment_status,
amount,
payment_date
)
VALUES

(9,'UPI','Completed',64500,'2026-01-15'),
(10,'Card','Completed',82000,'2026-02-11'),
(11,'UPI','Refunded',2500,'2026-02-20'),
(14,'Cash','Completed',900,'2026-03-08'),
(15,'Card','Completed',4500,'2026-03-22'),
(16,'UPI','Pending',3500,'2026-04-04'),
(12,'Card','Completed',105000,'2026-05-14'),
(13,'Net Banking','Completed',6500,'2026-06-17');





SELECT * FROM categories;
SELECT * FROM suppliers;
SELECT * FROM products;
SELECT * FROM customers;
SELECT * FROM inventory;
SELECT * FROM orders;
SELECT * FROM order_items;
SELECT * FROM payments;
SELECT * FROM customers;
